,deposit_type,mean,count
0,No Deposit,0.34121873387728585,52333
1,Non Refund,0.9888216969030603,5457
2,No Refund,0.9916839916839917,962
3,Refundable,0.15384615384615385,143
