,hotel,mean,count
0,City Hotel,0.6958899745114698,18832
1,Resort Hotel,0.27766268127698873,40063
