,lead_time_bin,mean,count
0,same_day,0.08054054054054054,3700
1,<=7d,0.14426419466975665,6904
2,8-30d,0.3438521356925504,8873
3,31-90d,0.4549873348394605,14607
4,91-180d,0.5056179775280899,13083
5,181-365d,0.5411820781696854,10490
6,>365d,0.7641357027463651,1238
