,count,unique,top,freq,mean,std,min,25%,50%,75%,max
lead_time,58895.0,,,,100.05090415145598,101.16242032961279,0.0,17.0,69.0,157.0,737.0
is_canceled,58895.0,,,,0.41139315731386367,0.4920903768959098,0.0,0.0,0.0,1.0,1.0
hotel,58895,2,Resort Hotel,40063,,,,,,,
stays_in_week_nights,58895.0,,,,2.8475761949231684,2.23548582506709,0.0,1.0,2.0,4.0,50.0
adr,58894.0,,,,96.25042635922165,58.555598870315116,-6.38,60.0,84.0,120.0,5400.0
